order_id,customer_id,order_date,channel,order_status
1,1,2026-02-13,Pinterest,completed
2,2,2026-03-17,Pinterest,completed
3,3,2026-06-06,Pinterest,completed
4,5,2026-06-19,Pinterest,completed
5,6,2026-06-08,Pinterest,completed
6,7,2026-03-28,Organic,refunded
7,7,2026-04-15,Organic,completed
8,8,2026-02-28,Facebook,completed
9,9,2026-02-24,Pinterest,completed
10,10,2026-02-14,Pinterest,completed
11,10,2026-03-06,Pinterest,completed
12,12,2026-05-17,Facebook,completed
13,15,2026-06-16,Pinterest,completed
14,18,2026-05-14,Facebook,completed
15,18,2026-05-27,Facebook,completed
16,18,2026-06-14,Facebook,completed
17,19,2026-04-23,Pinterest,completed
18,20,2026-02-03,Facebook,completed
19,20,2026-02-15,Facebook,completed
20,21,2026-03-23,Pinterest,completed
21,21,2026-04-11,Pinterest,completed
22,22,2026-06-09,Pinterest,refunded
23,23,2026-01-29,Pinterest,completed
24,24,2026-04-10,Pinterest,completed
25,27,2026-05-15,Pinterest,completed
26,28,2026-06-11,Facebook,completed
27,29,2026-05-07,Organic,completed
28,29,2026-05-29,Organic,duplicate
29,30,2026-03-17,Referral,completed
30,31,2026-05-25,Pinterest,completed
31,34,2026-06-17,Referral,completed
32,35,2026-06-06,Organic,refunded
33,36,2026-02-16,Facebook,completed
34,37,2026-03-26,Organic,completed
35,38,2026-04-04,Pinterest,completed
36,40,2026-05-29,Organic,completed
37,42,2026-03-08,Pinterest,completed
38,43,2026-06-06,Referral,completed
39,44,2026-01-15,Facebook,refunded
40,46,2026-04-05,Pinterest,completed
41,47,2026-06-09,Referral,refunded
42,48,2026-05-22,Organic,refunded
43,49,2026-06-01,Organic,duplicate
44,50,2026-05-20,Referral,completed
45,51,2026-05-31,Organic,refunded
46,53,2026-03-08,Facebook,completed
47,54,2026-04-25,Pinterest,completed
48,54,2026-05-04,Pinterest,completed
49,55,2026-02-14,Pinterest,completed
50,57,2026-03-13,Pinterest,completed
51,58,2026-01-30,Pinterest,refunded
52,58,2026-02-09,Pinterest,completed
53,59,2026-04-12,Pinterest,completed
54,62,2026-05-20,Organic,completed
55,62,2026-06-09,Organic,completed
56,64,2026-05-05,Facebook,completed
57,65,2026-02-12,Pinterest,completed
58,66,2026-02-16,Pinterest,refunded
59,66,2026-03-05,Pinterest,completed
60,67,2026-05-12,Pinterest,completed
61,69,2026-05-10,Organic,completed
62,70,2026-02-12,Pinterest,completed
63,72,2026-03-20,Pinterest,completed
64,75,2026-03-28,Organic,completed
65,76,2026-03-29,Pinterest,refunded
66,77,2026-06-09,Facebook,completed
67,78,2026-03-07,Pinterest,completed
68,80,2026-04-06,Pinterest,completed
69,81,2026-05-27,Organic,completed
70,82,2026-02-02,Referral,completed
71,84,2026-03-18,Pinterest,completed
72,85,2026-06-11,Pinterest,completed
73,87,2026-06-12,Facebook,duplicate
74,90,2026-04-03,Facebook,completed
75,91,2026-02-07,Pinterest,completed
76,94,2026-04-19,Organic,completed
77,95,2026-04-21,Pinterest,completed
78,96,2026-06-03,Facebook,completed
79,97,2026-06-02,Pinterest,completed
80,98,2026-04-06,Referral,refunded
81,99,2026-02-22,Pinterest,completed
82,100,2026-06-10,Pinterest,completed
83,101,2026-03-11,Facebook,refunded
84,101,2026-03-17,Facebook,completed
85,102,2026-03-25,Facebook,completed
86,102,2026-04-06,Facebook,completed
87,103,2026-01-29,Pinterest,completed
88,103,2026-02-05,Pinterest,completed
89,105,2026-02-21,Facebook,completed
90,105,2026-03-02,Facebook,completed
91,106,2026-05-08,Facebook,completed
92,107,2026-01-18,Pinterest,completed
93,109,2026-06-14,Facebook,completed
94,110,2026-01-27,Pinterest,refunded
95,111,2026-01-29,Organic,completed
96,111,2026-02-13,Organic,completed
97,115,2026-03-17,Organic,completed
98,116,2026-03-06,Organic,completed
99,116,2026-03-24,Organic,completed
100,117,2026-04-13,Organic,completed
101,117,2026-04-21,Organic,completed
102,118,2026-03-21,Pinterest,completed
103,118,2026-04-07,Pinterest,completed
104,119,2026-02-14,Pinterest,completed
105,120,2026-05-20,Pinterest,completed
106,121,2026-05-17,Pinterest,completed
107,122,2026-03-16,Pinterest,completed
108,123,2026-05-02,Pinterest,completed
109,124,2026-03-28,Pinterest,refunded
110,125,2026-06-05,Pinterest,completed
111,126,2026-03-26,Pinterest,refunded
112,128,2026-04-17,Facebook,completed
113,130,2026-06-13,Pinterest,completed
114,131,2026-05-09,Pinterest,completed
115,132,2026-06-04,Facebook,completed
116,133,2026-03-06,Pinterest,completed
117,134,2026-04-12,Facebook,completed
118,135,2026-02-18,Facebook,completed
119,136,2026-04-07,Facebook,completed
120,137,2026-03-31,Facebook,completed
121,143,2026-05-20,Organic,completed
122,144,2026-03-03,Facebook,completed
123,146,2026-03-19,Facebook,completed
124,148,2026-05-20,Facebook,completed
125,149,2026-05-11,Pinterest,completed
126,150,2026-03-07,Facebook,completed
127,151,2026-04-28,Pinterest,completed
128,152,2026-01-17,Organic,completed
129,152,2026-02-02,Organic,completed
130,153,2026-02-16,Organic,completed
131,155,2026-02-15,Facebook,completed
132,158,2026-05-29,Pinterest,completed
133,159,2026-05-12,Organic,completed
134,159,2026-05-29,Organic,refunded
135,161,2026-03-26,Organic,completed
136,164,2026-06-04,Pinterest,completed
137,165,2026-04-27,Facebook,completed
138,166,2026-02-04,Pinterest,completed
139,167,2026-05-14,Pinterest,completed
140,169,2026-01-21,Organic,completed
141,169,2026-01-25,Organic,refunded
142,172,2026-05-02,Facebook,completed
143,173,2026-06-20,Organic,completed
144,174,2026-03-25,Pinterest,completed
145,175,2026-04-13,Facebook,completed
146,178,2026-06-20,Facebook,completed
147,179,2026-05-07,Pinterest,completed
148,180,2026-02-01,Pinterest,completed
149,181,2026-05-11,Pinterest,completed
150,183,2026-05-06,Pinterest,refunded
151,184,2026-01-24,Facebook,completed
152,185,2026-04-18,Pinterest,completed
153,186,2026-01-28,Organic,completed
154,187,2026-03-12,Organic,completed
155,188,2026-03-17,Pinterest,completed
156,190,2026-03-26,Organic,completed
157,192,2026-03-01,Referral,completed
158,194,2026-04-24,Pinterest,completed
159,194,2026-05-10,Pinterest,completed
160,195,2026-02-04,Facebook,completed
161,196,2026-03-19,Pinterest,completed
162,198,2026-06-09,Organic,completed
163,201,2026-05-25,Pinterest,completed
164,202,2026-05-13,Facebook,completed
165,203,2026-05-30,Referral,completed
166,206,2026-02-10,Pinterest,completed
167,206,2026-03-01,Pinterest,completed
168,208,2026-04-16,Pinterest,completed
169,209,2026-03-05,Facebook,completed
170,210,2026-03-26,Pinterest,completed
171,211,2026-03-31,Facebook,completed
172,212,2026-03-05,Pinterest,completed
173,213,2026-05-21,Facebook,completed
174,215,2026-01-20,Pinterest,completed
175,215,2026-02-01,Pinterest,completed
176,215,2026-02-07,Pinterest,completed
177,216,2026-03-19,Pinterest,duplicate
178,217,2026-05-20,Facebook,completed
179,217,2026-06-10,Facebook,completed
180,217,2026-06-22,Facebook,refunded
181,220,2026-03-08,Pinterest,completed
182,221,2026-03-03,Pinterest,refunded
183,222,2026-03-29,Facebook,completed
184,223,2026-06-01,Facebook,completed
185,223,2026-06-08,Facebook,completed
186,225,2026-04-05,Pinterest,completed
187,226,2026-03-30,Pinterest,completed
188,227,2026-03-30,Facebook,completed
189,227,2026-04-13,Facebook,completed
190,228,2026-05-24,Pinterest,completed
191,233,2026-02-01,Pinterest,completed
192,233,2026-02-18,Pinterest,completed
193,234,2026-04-04,Pinterest,completed
194,237,2026-05-13,Organic,completed
195,237,2026-05-16,Organic,completed
196,239,2026-06-24,Pinterest,refunded
197,240,2026-02-14,Referral,completed
198,241,2026-03-15,Pinterest,completed
199,241,2026-03-28,Pinterest,completed
200,242,2026-03-18,Pinterest,completed
201,245,2026-03-31,Facebook,completed
202,246,2026-03-20,Organic,completed
203,248,2026-03-06,Pinterest,duplicate
204,250,2026-02-02,Pinterest,refunded
205,252,2026-04-02,Pinterest,completed
206,252,2026-04-21,Pinterest,completed
207,252,2026-05-13,Pinterest,completed
208,253,2026-04-04,Facebook,completed
209,254,2026-05-27,Facebook,completed
210,255,2026-06-22,Pinterest,duplicate
211,256,2026-04-07,Facebook,completed
212,257,2026-03-16,Referral,completed
213,258,2026-06-16,Facebook,completed
214,260,2026-03-04,Facebook,completed
215,260,2026-03-11,Facebook,completed
216,261,2026-03-30,Pinterest,completed
217,261,2026-04-06,Pinterest,completed
218,262,2026-05-24,Referral,completed
219,262,2026-06-03,Referral,completed
220,263,2026-05-02,Pinterest,completed
221,263,2026-05-08,Pinterest,completed
222,264,2026-02-27,Pinterest,duplicate
223,265,2026-04-02,Facebook,completed
224,266,2026-06-06,Pinterest,completed
225,267,2026-03-21,Pinterest,completed
226,268,2026-05-03,Organic,completed
227,269,2026-01-16,Facebook,completed
228,270,2026-05-01,Pinterest,completed
229,270,2026-05-09,Pinterest,completed
230,273,2026-03-29,Pinterest,refunded
231,273,2026-04-05,Pinterest,completed
232,274,2026-02-15,Pinterest,completed
233,275,2026-03-17,Facebook,completed
234,278,2026-02-28,Facebook,completed
235,279,2026-05-25,Facebook,completed
236,280,2026-05-18,Referral,completed
237,281,2026-06-10,Pinterest,completed
238,282,2026-06-18,Facebook,refunded
239,283,2026-02-02,Pinterest,completed
240,284,2026-05-01,Pinterest,completed
241,285,2026-03-26,Organic,completed
242,285,2026-04-01,Organic,completed
243,286,2026-04-05,Organic,completed
244,288,2026-05-21,Pinterest,completed
245,288,2026-06-05,Pinterest,completed
246,289,2026-06-03,Pinterest,completed
247,291,2026-04-28,Pinterest,completed
248,291,2026-05-16,Pinterest,completed
249,293,2026-04-25,Pinterest,completed
250,295,2026-05-23,Referral,completed
251,296,2026-02-09,Organic,completed
252,297,2026-06-01,Organic,completed
253,298,2026-02-20,Pinterest,completed
254,300,2026-03-24,Pinterest,completed
255,301,2026-02-06,Organic,completed
256,302,2026-06-04,Pinterest,completed
257,303,2026-05-23,Organic,completed
258,303,2026-06-08,Organic,completed
259,303,2026-06-14,Organic,completed
260,304,2026-02-04,Pinterest,completed
261,304,2026-02-18,Pinterest,completed
262,304,2026-03-09,Pinterest,completed
263,305,2026-04-02,Referral,completed
264,307,2026-02-13,Pinterest,completed
265,308,2026-01-27,Pinterest,completed
266,309,2026-03-31,Pinterest,completed
267,310,2026-03-22,Facebook,completed
268,310,2026-03-27,Facebook,completed
269,311,2026-03-04,Pinterest,completed
270,312,2026-04-26,Facebook,completed
271,313,2026-06-14,Pinterest,completed
272,315,2026-05-18,Organic,refunded
273,316,2026-02-25,Pinterest,completed
274,317,2026-06-14,Pinterest,completed
275,317,2026-06-22,Pinterest,completed
276,318,2026-03-22,Facebook,completed
277,319,2026-04-23,Organic,completed
278,320,2026-04-27,Facebook,completed
279,321,2026-03-31,Pinterest,completed
280,322,2026-04-27,Pinterest,completed
281,322,2026-05-09,Pinterest,refunded
282,323,2026-01-29,Organic,completed
283,326,2026-03-21,Facebook,completed
284,327,2026-02-19,Facebook,completed
285,328,2026-01-26,Pinterest,completed
286,328,2026-02-12,Pinterest,completed
287,329,2026-06-17,Pinterest,completed
288,330,2026-03-31,Pinterest,completed
289,330,2026-04-21,Pinterest,completed
290,332,2026-04-20,Facebook,completed
291,334,2026-05-20,Referral,completed
292,335,2026-04-15,Organic,completed
293,336,2026-02-08,Pinterest,completed
294,337,2026-04-26,Referral,completed
295,341,2026-04-22,Pinterest,completed
296,341,2026-05-12,Pinterest,completed
297,342,2026-01-24,Facebook,completed
298,343,2026-04-11,Organic,completed
299,343,2026-04-22,Organic,completed
300,344,2026-02-03,Facebook,completed
301,347,2026-05-22,Pinterest,completed
302,348,2026-06-04,Pinterest,completed
303,349,2026-06-03,Pinterest,completed
304,350,2026-02-28,Organic,completed
305,350,2026-03-18,Organic,completed
306,351,2026-05-22,Facebook,refunded
307,352,2026-03-31,Pinterest,completed
308,354,2026-04-19,Pinterest,completed
309,355,2026-06-04,Organic,completed
310,360,2026-04-14,Pinterest,completed
311,360,2026-04-28,Pinterest,completed
312,361,2026-06-08,Pinterest,completed
313,361,2026-06-17,Pinterest,completed
314,363,2026-03-20,Pinterest,completed
315,365,2026-02-23,Referral,completed
316,366,2026-03-01,Pinterest,duplicate
317,367,2026-02-18,Pinterest,completed
318,367,2026-03-11,Pinterest,completed
319,369,2026-03-28,Pinterest,completed
320,371,2026-05-11,Organic,completed
321,371,2026-05-30,Organic,completed
322,371,2026-06-04,Organic,completed
323,372,2026-02-14,Facebook,completed
324,373,2026-06-24,Pinterest,refunded
325,374,2026-05-29,Pinterest,completed
326,375,2026-01-25,Pinterest,completed
327,376,2026-04-30,Pinterest,completed
328,377,2026-05-08,Pinterest,completed
329,378,2026-06-24,Pinterest,completed
330,380,2026-04-08,Pinterest,completed
331,381,2026-04-04,Facebook,completed
332,382,2026-02-09,Organic,completed
333,383,2026-06-09,Facebook,completed
334,384,2026-05-12,Organic,completed
335,384,2026-05-16,Organic,completed
336,384,2026-05-27,Organic,completed
337,385,2026-05-16,Pinterest,completed
338,386,2026-04-10,Pinterest,completed
339,386,2026-04-22,Pinterest,completed
340,387,2026-04-23,Referral,completed
341,388,2026-05-19,Pinterest,completed
342,389,2026-02-10,Pinterest,completed
343,389,2026-02-15,Pinterest,completed
344,390,2026-04-23,Organic,completed
345,391,2026-06-17,Referral,completed
346,392,2026-02-20,Pinterest,completed
347,393,2026-05-06,Organic,completed
348,394,2026-04-02,Facebook,refunded
349,397,2026-06-11,Pinterest,completed
350,398,2026-06-15,Pinterest,completed
351,399,2026-06-10,Referral,completed
352,400,2026-06-23,Facebook,completed
353,401,2026-06-19,Organic,completed
354,402,2026-03-28,Pinterest,completed
355,403,2026-04-07,Organic,refunded
356,405,2026-04-27,Pinterest,completed
357,405,2026-05-16,Pinterest,completed
358,406,2026-01-22,Pinterest,completed
359,408,2026-04-19,Pinterest,completed
360,409,2026-06-14,Facebook,completed
361,411,2026-02-07,Pinterest,refunded
362,412,2026-05-22,Facebook,completed
363,412,2026-05-27,Facebook,completed
364,413,2026-03-11,Organic,refunded
365,415,2026-06-17,Facebook,completed
366,416,2026-01-28,Pinterest,completed
367,417,2026-02-02,Pinterest,completed
368,420,2026-05-07,Pinterest,completed
369,422,2026-04-17,Pinterest,completed
370,422,2026-04-29,Pinterest,completed
371,422,2026-05-07,Pinterest,duplicate
372,423,2026-01-27,Pinterest,completed
373,424,2026-02-06,Organic,duplicate
374,426,2026-04-03,Pinterest,completed
375,428,2026-05-16,Organic,completed
376,430,2026-05-09,Facebook,completed
377,431,2026-04-28,Organic,completed
378,433,2026-05-28,Facebook,completed
379,434,2026-03-08,Organic,refunded
380,435,2026-02-21,Pinterest,refunded
381,436,2026-03-06,Pinterest,completed
382,437,2026-02-05,Pinterest,completed
383,437,2026-02-19,Pinterest,completed
384,437,2026-03-10,Pinterest,completed
385,438,2026-05-23,Facebook,completed
386,441,2026-04-12,Organic,completed
387,443,2026-04-06,Organic,completed
388,444,2026-04-17,Facebook,completed
389,447,2026-02-11,Facebook,completed
390,448,2026-05-14,Facebook,completed
391,449,2026-01-27,Pinterest,completed
392,449,2026-02-06,Pinterest,completed
393,449,2026-02-09,Pinterest,completed
394,450,2026-03-06,Pinterest,completed
395,450,2026-03-20,Pinterest,completed
396,451,2026-02-23,Referral,completed
397,452,2026-04-14,Referral,completed
398,454,2026-05-11,Facebook,completed
399,456,2026-05-03,Organic,completed
400,458,2026-02-04,Pinterest,completed
401,459,2026-04-23,Pinterest,completed
402,461,2026-06-17,Facebook,completed
403,462,2026-04-04,Referral,completed
404,465,2026-04-11,Organic,completed
405,465,2026-04-13,Organic,completed
406,467,2026-05-27,Pinterest,completed
407,468,2026-03-03,Referral,refunded
408,469,2026-05-23,Pinterest,completed
409,469,2026-06-12,Pinterest,completed
410,470,2026-02-23,Pinterest,completed
411,472,2026-06-03,Pinterest,completed
412,473,2026-06-24,Pinterest,completed
413,474,2026-02-27,Pinterest,completed
414,474,2026-03-02,Pinterest,completed
415,474,2026-03-16,Pinterest,completed
416,476,2026-05-09,Pinterest,completed
417,478,2026-05-14,Pinterest,completed
418,478,2026-06-01,Pinterest,completed
419,478,2026-06-18,Pinterest,completed
420,479,2026-05-20,Organic,completed
421,479,2026-05-31,Organic,completed
422,480,2026-06-10,Referral,completed
423,481,2026-03-31,Organic,completed
424,482,2026-05-03,Referral,completed
425,483,2026-06-21,Pinterest,completed
426,484,2026-05-20,Organic,completed
427,485,2026-02-13,Facebook,completed
428,487,2026-03-28,Pinterest,completed
429,488,2026-05-09,Pinterest,completed
430,490,2026-05-02,Pinterest,completed
431,492,2026-03-18,Pinterest,completed
432,493,2026-04-10,Organic,completed
433,494,2026-04-02,Organic,completed
434,495,2026-02-19,Organic,completed
435,496,2026-06-21,Pinterest,completed
436,497,2026-03-26,Pinterest,completed
437,499,2026-03-30,Pinterest,completed
438,500,2026-03-18,Pinterest,completed
439,504,2026-03-30,Pinterest,completed
440,505,2026-03-22,Facebook,refunded
441,506,2026-02-06,Facebook,completed
442,507,2026-05-31,Facebook,completed
443,509,2026-05-17,Pinterest,completed
444,509,2026-06-05,Pinterest,completed
445,513,2026-04-15,Pinterest,refunded
446,515,2026-05-14,Referral,completed
447,516,2026-03-05,Organic,completed
448,517,2026-05-15,Pinterest,completed
449,519,2026-04-07,Facebook,completed
450,520,2026-06-04,Facebook,completed
451,521,2026-03-05,Pinterest,completed
452,522,2026-01-28,Organic,completed
453,523,2026-02-17,Organic,completed
454,524,2026-04-29,Facebook,completed
455,525,2026-04-24,Pinterest,completed
456,526,2026-05-24,Pinterest,completed
457,527,2026-03-25,Organic,refunded
458,530,2026-02-08,Pinterest,completed
459,531,2026-05-10,Facebook,completed
460,534,2026-01-31,Pinterest,completed
461,534,2026-02-11,Pinterest,completed
462,536,2026-02-26,Referral,completed
463,536,2026-03-14,Referral,completed
464,537,2026-06-21,Facebook,completed
465,540,2026-01-27,Facebook,completed
466,541,2026-04-19,Pinterest,completed
467,541,2026-04-30,Pinterest,completed
468,543,2026-04-10,Facebook,completed
469,544,2026-02-16,Pinterest,completed
470,544,2026-03-04,Pinterest,completed
471,545,2026-06-01,Pinterest,completed
472,545,2026-06-18,Pinterest,completed
473,547,2026-03-14,Referral,completed
474,547,2026-03-26,Referral,completed
475,548,2026-05-25,Pinterest,completed
476,549,2026-02-05,Facebook,completed
477,550,2026-05-08,Referral,completed
478,551,2026-04-06,Facebook,refunded
479,552,2026-06-04,Facebook,completed
480,553,2026-02-27,Facebook,completed
481,554,2026-03-01,Organic,completed
482,555,2026-02-18,Referral,completed
483,557,2026-06-07,Facebook,completed
484,558,2026-06-08,Pinterest,completed
485,559,2026-02-01,Pinterest,completed
486,560,2026-05-21,Facebook,completed
487,561,2026-06-12,Pinterest,completed
488,561,2026-06-23,Pinterest,duplicate
489,562,2026-02-02,Pinterest,completed
490,564,2026-06-09,Facebook,refunded
491,565,2026-02-19,Pinterest,completed
492,566,2026-02-03,Organic,completed
493,567,2026-04-06,Pinterest,duplicate
494,570,2026-06-09,Pinterest,duplicate
495,572,2026-03-02,Facebook,completed
496,572,2026-03-08,Facebook,completed
497,574,2026-06-18,Pinterest,completed
498,575,2026-01-28,Organic,completed
499,576,2026-01-29,Referral,completed
500,577,2026-03-26,Facebook,completed
501,577,2026-04-07,Facebook,completed
502,580,2026-04-05,Facebook,completed
503,582,2026-02-04,Pinterest,refunded
504,583,2026-05-14,Pinterest,completed
505,583,2026-05-23,Pinterest,completed
506,584,2026-04-10,Organic,completed
507,586,2026-04-22,Facebook,completed
508,589,2026-04-23,Organic,completed
509,590,2026-02-27,Organic,completed
510,591,2026-04-06,Pinterest,completed
511,592,2026-05-29,Facebook,completed
512,593,2026-05-22,Pinterest,refunded
513,593,2026-06-06,Pinterest,completed
514,594,2026-05-27,Facebook,completed
515,595,2026-06-18,Pinterest,completed
516,596,2026-05-26,Facebook,completed
517,598,2026-02-11,Pinterest,refunded
518,599,2026-04-22,Organic,completed
519,602,2026-05-26,Facebook,completed
520,603,2026-06-24,Facebook,completed
521,604,2026-02-13,Pinterest,completed
522,605,2026-04-11,Facebook,completed
523,608,2026-04-13,Organic,completed
524,608,2026-04-29,Organic,completed
525,608,2026-05-04,Organic,completed
526,609,2026-02-22,Facebook,completed
527,611,2026-04-27,Referral,completed
528,612,2026-04-03,Facebook,refunded
529,612,2026-04-11,Facebook,completed
530,613,2026-05-26,Facebook,completed
531,613,2026-05-28,Facebook,completed
532,614,2026-04-01,Facebook,completed
533,616,2026-06-17,Pinterest,completed
534,617,2026-01-24,Facebook,completed
535,617,2026-01-29,Facebook,completed
536,618,2026-06-12,Facebook,completed
537,621,2026-03-19,Pinterest,completed
538,623,2026-05-04,Pinterest,completed
539,623,2026-05-20,Pinterest,completed
540,625,2026-05-19,Organic,completed
541,628,2026-06-01,Pinterest,completed
542,628,2026-06-09,Pinterest,completed
543,629,2026-05-15,Organic,completed
544,629,2026-06-04,Organic,duplicate
545,630,2026-04-19,Facebook,completed
546,630,2026-05-12,Facebook,completed
547,631,2026-03-24,Facebook,completed
548,632,2026-03-24,Pinterest,completed
549,632,2026-04-15,Pinterest,duplicate
550,632,2026-04-18,Pinterest,completed
551,633,2026-04-04,Organic,duplicate
552,635,2026-03-31,Pinterest,duplicate
553,636,2026-06-08,Pinterest,completed
554,637,2026-04-13,Referral,completed
555,637,2026-04-28,Referral,completed
556,640,2026-03-25,Facebook,completed
557,641,2026-06-01,Pinterest,completed
558,641,2026-06-05,Pinterest,completed
559,642,2026-03-25,Pinterest,completed
560,644,2026-06-04,Pinterest,completed
561,645,2026-02-09,Pinterest,completed
562,646,2026-02-13,Facebook,completed
563,647,2026-06-09,Referral,completed
564,650,2026-02-11,Facebook,completed
565,651,2026-01-28,Organic,completed
566,651,2026-02-01,Organic,completed
567,652,2026-03-01,Referral,completed
568,653,2026-04-26,Organic,completed
569,653,2026-05-03,Organic,completed
570,655,2026-06-10,Facebook,completed
571,657,2026-06-08,Facebook,completed
572,658,2026-02-19,Organic,completed
573,658,2026-02-25,Organic,completed
574,659,2026-03-08,Organic,refunded
575,660,2026-05-17,Facebook,duplicate
576,661,2026-01-22,Facebook,completed
577,662,2026-06-10,Facebook,completed
578,662,2026-06-16,Facebook,completed
579,662,2026-06-21,Facebook,completed
580,663,2026-06-23,Organic,completed
581,664,2026-05-04,Facebook,completed
582,664,2026-05-23,Facebook,completed
583,666,2026-04-12,Referral,completed
584,666,2026-05-02,Referral,completed
585,667,2026-04-25,Pinterest,refunded
586,669,2026-01-20,Pinterest,completed
587,670,2026-03-20,Pinterest,completed
588,670,2026-03-30,Pinterest,completed
589,670,2026-04-02,Pinterest,completed
590,673,2026-04-05,Pinterest,refunded
591,673,2026-04-27,Pinterest,completed
592,679,2026-05-13,Facebook,completed
593,683,2026-02-14,Facebook,completed
594,684,2026-05-22,Pinterest,completed
595,684,2026-06-02,Pinterest,completed
596,684,2026-06-15,Pinterest,refunded
597,689,2026-01-29,Pinterest,completed
598,691,2026-02-04,Referral,completed
599,692,2026-03-29,Pinterest,completed
600,692,2026-04-05,Pinterest,completed
601,694,2026-05-10,Organic,completed
602,696,2026-06-03,Pinterest,completed
603,697,2026-02-19,Pinterest,completed
604,697,2026-03-05,Pinterest,completed
605,698,2026-06-02,Pinterest,completed
606,698,2026-06-08,Pinterest,completed
607,699,2026-01-19,Organic,completed
608,701,2026-06-04,Pinterest,completed
609,703,2026-02-13,Pinterest,completed
610,703,2026-03-02,Pinterest,duplicate
611,704,2026-06-21,Organic,duplicate
612,705,2026-01-22,Pinterest,completed
613,706,2026-06-20,Pinterest,completed
614,707,2026-01-30,Pinterest,completed
615,708,2026-05-08,Pinterest,completed
616,710,2026-03-15,Organic,completed
617,711,2026-04-11,Facebook,completed
618,711,2026-05-01,Facebook,completed
619,712,2026-04-12,Pinterest,completed
620,714,2026-02-02,Facebook,completed
621,715,2026-03-04,Facebook,completed
622,717,2026-04-26,Organic,completed
623,718,2026-05-01,Pinterest,completed
624,718,2026-05-12,Pinterest,completed
625,718,2026-05-18,Pinterest,completed
626,719,2026-03-03,Organic,completed
627,720,2026-03-18,Pinterest,completed
628,721,2026-05-14,Organic,refunded
629,722,2026-05-02,Facebook,completed
630,724,2026-02-08,Organic,completed
631,724,2026-02-19,Organic,completed
632,726,2026-01-28,Pinterest,completed
633,728,2026-06-16,Facebook,completed
634,729,2026-05-20,Pinterest,completed
635,729,2026-05-26,Pinterest,completed
636,731,2026-03-09,Referral,completed
637,732,2026-05-21,Organic,completed
638,735,2026-06-05,Facebook,completed
639,738,2026-04-07,Organic,completed
640,739,2026-05-04,Pinterest,completed
641,739,2026-05-19,Pinterest,completed
642,740,2026-02-23,Pinterest,completed
643,741,2026-06-14,Facebook,refunded
644,741,2026-06-16,Facebook,completed
645,742,2026-02-23,Pinterest,completed
646,742,2026-03-13,Pinterest,completed
647,744,2026-04-12,Pinterest,completed
648,745,2026-05-25,Facebook,completed
649,745,2026-06-06,Facebook,completed
650,746,2026-04-16,Pinterest,completed
651,748,2026-02-03,Facebook,refunded
652,750,2026-01-18,Pinterest,completed
653,752,2026-03-16,Facebook,completed
654,752,2026-03-27,Facebook,completed
655,754,2026-05-23,Facebook,completed
656,754,2026-05-31,Facebook,completed
657,755,2026-06-01,Facebook,completed
658,755,2026-06-14,Facebook,completed
659,756,2026-05-31,Facebook,completed
660,757,2026-04-02,Pinterest,completed
661,758,2026-05-06,Organic,completed
662,759,2026-02-15,Organic,completed
663,760,2026-03-17,Pinterest,completed
664,761,2026-04-18,Pinterest,completed
665,763,2026-03-21,Referral,completed
666,766,2026-06-08,Facebook,completed
667,767,2026-03-04,Pinterest,completed
668,768,2026-04-09,Facebook,completed
669,769,2026-02-12,Organic,completed
670,770,2026-03-19,Pinterest,completed
671,771,2026-06-12,Facebook,completed
672,771,2026-06-16,Facebook,refunded
673,775,2026-02-25,Organic,completed
674,776,2026-04-26,Organic,completed
675,777,2026-06-09,Pinterest,completed
676,777,2026-06-17,Pinterest,completed
677,778,2026-04-26,Facebook,completed
678,779,2026-04-27,Organic,completed
679,780,2026-02-05,Facebook,completed
680,780,2026-02-15,Facebook,completed
681,781,2026-01-29,Pinterest,completed
682,783,2026-06-16,Pinterest,completed
683,784,2026-01-27,Facebook,completed
684,785,2026-05-13,Facebook,completed
685,787,2026-04-27,Pinterest,completed
686,787,2026-05-18,Pinterest,completed
687,788,2026-03-22,Facebook,completed
688,791,2026-02-13,Pinterest,duplicate
689,792,2026-05-08,Pinterest,completed
690,793,2026-02-21,Pinterest,completed
691,794,2026-06-06,Facebook,completed
692,795,2026-01-23,Pinterest,completed
693,796,2026-06-16,Facebook,completed
694,798,2026-02-06,Facebook,completed
695,799,2026-03-22,Facebook,completed
696,799,2026-03-31,Facebook,completed
697,800,2026-04-27,Pinterest,completed
698,800,2026-05-12,Pinterest,completed
699,802,2026-05-07,Pinterest,completed
700,805,2026-05-16,Pinterest,completed
701,805,2026-05-23,Pinterest,completed
702,807,2026-04-12,Pinterest,completed
703,808,2026-06-21,Pinterest,completed
704,811,2026-05-24,Referral,completed
705,812,2026-04-12,Pinterest,completed
706,813,2026-04-29,Pinterest,completed
707,813,2026-05-15,Pinterest,refunded
708,814,2026-03-08,Facebook,completed
709,814,2026-03-28,Facebook,completed
710,817,2026-02-03,Organic,completed
711,818,2026-05-03,Facebook,completed
712,819,2026-04-03,Pinterest,refunded
713,819,2026-04-16,Pinterest,completed
714,819,2026-04-26,Pinterest,completed
715,820,2026-05-03,Organic,completed
716,822,2026-05-29,Organic,duplicate
717,823,2026-05-03,Facebook,completed
718,824,2026-04-17,Facebook,completed
719,827,2026-06-20,Pinterest,completed
720,827,2026-06-24,Pinterest,completed
721,829,2026-05-10,Pinterest,completed
722,830,2026-03-13,Facebook,completed
723,832,2026-04-22,Pinterest,duplicate
724,833,2026-06-14,Facebook,completed
725,835,2026-02-06,Pinterest,completed
726,837,2026-03-08,Facebook,completed
727,839,2026-04-07,Pinterest,completed
728,839,2026-04-18,Pinterest,completed
729,840,2026-02-18,Pinterest,completed
730,841,2026-02-11,Facebook,completed
731,844,2026-03-19,Organic,completed
732,844,2026-04-02,Organic,completed
733,845,2026-03-05,Facebook,completed
734,845,2026-03-15,Facebook,completed
735,846,2026-01-24,Facebook,completed
736,847,2026-05-12,Facebook,refunded
737,848,2026-03-13,Pinterest,completed
738,849,2026-02-02,Facebook,completed
739,850,2026-06-01,Pinterest,completed
740,851,2026-05-13,Pinterest,completed
741,852,2026-05-23,Facebook,completed
742,853,2026-06-16,Pinterest,completed
743,854,2026-02-16,Pinterest,completed
744,854,2026-02-20,Pinterest,completed
745,854,2026-02-28,Pinterest,completed
746,855,2026-06-22,Pinterest,completed
747,856,2026-04-05,Organic,completed
748,857,2026-02-19,Pinterest,completed
749,858,2026-02-17,Pinterest,completed
750,859,2026-05-27,Pinterest,completed
751,861,2026-06-04,Facebook,completed
752,862,2026-03-02,Facebook,completed
753,863,2026-02-24,Pinterest,completed
754,863,2026-03-13,Pinterest,duplicate
755,864,2026-06-23,Pinterest,refunded
756,865,2026-01-17,Facebook,completed
757,866,2026-04-25,Referral,completed
758,867,2026-05-24,Pinterest,completed
759,868,2026-05-11,Facebook,completed
760,869,2026-01-25,Organic,completed
761,870,2026-01-23,Pinterest,completed
762,871,2026-03-04,Organic,completed
763,873,2026-02-14,Pinterest,completed
764,874,2026-04-23,Facebook,completed
765,875,2026-05-07,Facebook,completed
766,876,2026-02-11,Facebook,completed
767,877,2026-03-22,Pinterest,completed
768,878,2026-05-12,Pinterest,completed
769,879,2026-02-11,Pinterest,completed
770,880,2026-03-18,Pinterest,completed
771,885,2026-06-06,Pinterest,completed
772,887,2026-05-29,Referral,completed
773,888,2026-02-09,Pinterest,completed
774,890,2026-02-20,Facebook,completed
775,890,2026-03-01,Facebook,completed
776,890,2026-03-24,Facebook,completed
777,891,2026-02-23,Facebook,completed
778,891,2026-03-06,Facebook,completed
779,892,2026-04-28,Facebook,completed
780,893,2026-03-24,Facebook,completed
781,893,2026-03-26,Facebook,completed
782,895,2026-02-08,Pinterest,completed
783,895,2026-02-14,Pinterest,refunded
784,897,2026-06-15,Pinterest,completed
785,898,2026-02-10,Facebook,completed
786,899,2026-04-17,Organic,completed
787,900,2026-04-29,Pinterest,completed
788,903,2026-06-11,Organic,completed
789,904,2026-01-29,Pinterest,completed
790,907,2026-05-05,Pinterest,completed
791,907,2026-05-22,Pinterest,completed
792,909,2026-03-28,Pinterest,completed
793,911,2026-02-26,Pinterest,completed
794,912,2026-03-20,Pinterest,completed
795,912,2026-03-25,Pinterest,completed
796,913,2026-02-12,Pinterest,completed
797,913,2026-02-20,Pinterest,completed
798,914,2026-02-21,Facebook,completed
799,915,2026-05-13,Pinterest,completed
800,917,2026-02-19,Facebook,completed
801,918,2026-02-06,Facebook,completed
802,919,2026-04-05,Pinterest,completed
803,920,2026-04-24,Organic,completed
804,922,2026-02-05,Facebook,completed
805,922,2026-02-12,Facebook,completed
806,923,2026-02-27,Pinterest,completed
807,926,2026-02-10,Organic,completed
808,927,2026-02-18,Facebook,completed
809,928,2026-05-07,Pinterest,completed
810,928,2026-05-19,Pinterest,completed
811,930,2026-06-21,Facebook,completed
812,931,2026-01-22,Organic,completed
813,931,2026-02-07,Organic,completed
814,932,2026-04-07,Pinterest,completed
815,933,2026-03-09,Facebook,completed
816,934,2026-01-28,Organic,completed
817,935,2026-03-18,Facebook,completed
818,939,2026-05-02,Pinterest,completed
819,940,2026-05-19,Referral,completed
820,942,2026-03-11,Pinterest,refunded
821,945,2026-04-27,Pinterest,completed
822,947,2026-02-06,Facebook,completed
823,948,2026-02-28,Facebook,refunded
824,949,2026-02-04,Pinterest,completed
825,952,2026-01-29,Pinterest,completed
826,953,2026-03-01,Pinterest,completed
827,955,2026-05-29,Facebook,completed
828,956,2026-03-25,Pinterest,completed
829,957,2026-03-28,Facebook,completed
830,958,2026-01-22,Pinterest,completed
831,959,2026-05-29,Pinterest,completed
832,960,2026-06-13,Facebook,completed
833,961,2026-05-25,Pinterest,completed
834,965,2026-01-28,Organic,completed
835,966,2026-01-30,Facebook,completed
836,967,2026-02-23,Pinterest,completed
837,968,2026-01-25,Facebook,duplicate
838,968,2026-01-30,Facebook,completed
839,969,2026-05-02,Pinterest,completed
840,969,2026-05-14,Pinterest,completed
841,969,2026-06-01,Pinterest,completed
842,974,2026-05-16,Organic,completed
843,974,2026-06-08,Organic,completed
844,977,2026-04-07,Facebook,completed
845,977,2026-04-21,Facebook,completed
846,977,2026-05-09,Facebook,refunded
847,978,2026-04-23,Facebook,completed
848,978,2026-05-05,Facebook,completed
849,978,2026-05-18,Facebook,completed
850,979,2026-03-09,Facebook,completed
851,980,2026-03-19,Pinterest,completed
852,980,2026-04-04,Pinterest,completed
853,981,2026-01-22,Pinterest,completed
854,982,2026-01-22,Referral,completed
855,984,2026-02-12,Pinterest,completed
856,985,2026-05-02,Facebook,completed
857,986,2026-02-25,Facebook,completed
858,987,2026-03-17,Organic,duplicate
859,988,2026-04-22,Facebook,completed
860,989,2026-06-14,Pinterest,completed
861,992,2026-04-04,Pinterest,completed
862,994,2026-04-10,Facebook,completed
863,997,2026-05-18,Pinterest,completed
864,999,2026-04-05,Facebook,completed
865,999,2026-04-14,Facebook,completed
866,1000,2026-02-12,Pinterest,completed
867,1000,2026-03-04,Pinterest,refunded
868,1001,2026-06-22,Pinterest,completed
869,1002,2026-04-09,Pinterest,completed
870,1003,2026-04-19,Pinterest,completed
871,1004,2026-04-04,Pinterest,completed
872,1004,2026-04-08,Pinterest,completed
873,1006,2026-06-08,Facebook,completed
874,1008,2026-02-18,Pinterest,completed
875,1012,2026-02-07,Pinterest,completed
876,1012,2026-02-15,Pinterest,completed
877,1013,2026-05-08,Organic,completed
878,1013,2026-05-20,Organic,completed
879,1016,2026-05-01,Facebook,completed
880,1016,2026-05-10,Facebook,completed
881,1017,2026-05-05,Pinterest,refunded
882,1018,2026-03-05,Pinterest,completed
883,1019,2026-02-22,Pinterest,completed
884,1021,2026-06-08,Facebook,completed
885,1022,2026-04-28,Pinterest,completed
886,1026,2026-04-13,Organic,completed
887,1027,2026-04-28,Pinterest,completed
888,1028,2026-06-20,Pinterest,completed
889,1029,2026-03-27,Pinterest,completed
890,1030,2026-05-31,Pinterest,completed
891,1031,2026-03-19,Referral,completed
892,1031,2026-03-27,Referral,completed
893,1032,2026-03-19,Pinterest,completed
894,1034,2026-06-16,Organic,completed
895,1035,2026-04-17,Referral,refunded
896,1035,2026-05-01,Referral,completed
897,1035,2026-05-12,Referral,completed
898,1037,2026-04-17,Organic,completed
899,1039,2026-06-10,Referral,completed
900,1039,2026-06-21,Referral,completed
901,1040,2026-05-22,Facebook,completed
902,1041,2026-01-28,Pinterest,completed
903,1041,2026-02-08,Pinterest,completed
904,1041,2026-02-25,Pinterest,completed
905,1042,2026-03-16,Pinterest,completed
906,1044,2026-02-22,Pinterest,refunded
907,1046,2026-02-23,Organic,completed
908,1048,2026-04-26,Facebook,completed
909,1049,2026-04-07,Pinterest,completed
910,1050,2026-05-10,Organic,completed
911,1050,2026-05-19,Organic,completed
912,1051,2026-04-06,Pinterest,refunded
913,1052,2026-06-24,Organic,completed
914,1053,2026-06-17,Organic,refunded
915,1054,2026-03-31,Pinterest,completed
916,1055,2026-06-11,Pinterest,completed
917,1056,2026-06-10,Pinterest,completed
918,1057,2026-06-23,Pinterest,completed
919,1058,2026-05-26,Pinterest,completed
920,1059,2026-03-19,Pinterest,refunded
921,1060,2026-02-11,Organic,refunded
922,1061,2026-04-14,Pinterest,completed
923,1062,2026-03-20,Facebook,completed
924,1063,2026-02-14,Facebook,completed
925,1065,2026-05-02,Facebook,completed
926,1066,2026-06-04,Pinterest,refunded
927,1067,2026-06-14,Facebook,completed
928,1069,2026-01-24,Pinterest,completed
929,1070,2026-02-12,Pinterest,completed
930,1071,2026-04-24,Pinterest,completed
931,1073,2026-05-19,Facebook,completed
932,1074,2026-02-27,Facebook,completed
933,1076,2026-03-09,Pinterest,completed
934,1079,2026-06-05,Organic,completed
935,1079,2026-06-10,Organic,completed
936,1080,2026-04-17,Pinterest,completed
937,1082,2026-01-25,Pinterest,refunded
938,1084,2026-04-28,Facebook,completed
939,1085,2026-03-26,Pinterest,completed
940,1088,2026-05-19,Pinterest,completed
941,1089,2026-06-10,Pinterest,completed
942,1090,2026-02-11,Pinterest,duplicate
943,1091,2026-06-02,Pinterest,duplicate
944,1092,2026-03-18,Facebook,completed
945,1092,2026-03-23,Facebook,completed
946,1094,2026-05-16,Facebook,completed
947,1095,2026-04-01,Pinterest,completed
948,1097,2026-06-14,Facebook,refunded
949,1097,2026-06-20,Facebook,completed
950,1098,2026-02-16,Referral,completed
951,1101,2026-05-08,Pinterest,completed
952,1102,2026-02-21,Organic,completed
953,1103,2026-02-02,Pinterest,completed
954,1105,2026-05-17,Organic,completed
955,1105,2026-05-27,Organic,completed
956,1106,2026-06-24,Facebook,duplicate
957,1107,2026-02-14,Pinterest,completed
958,1108,2026-06-18,Facebook,completed
959,1109,2026-02-14,Organic,completed
960,1112,2026-05-21,Facebook,completed
961,1112,2026-06-02,Facebook,completed
962,1113,2026-02-28,Pinterest,completed
963,1114,2026-06-21,Facebook,completed
964,1115,2026-04-27,Organic,completed
965,1116,2026-03-19,Pinterest,completed
966,1117,2026-03-25,Organic,completed
967,1118,2026-04-03,Pinterest,completed
968,1119,2026-02-13,Referral,completed
969,1121,2026-04-09,Pinterest,completed
970,1121,2026-04-25,Pinterest,completed
971,1122,2026-02-07,Pinterest,completed
972,1123,2026-05-04,Facebook,completed
973,1126,2026-04-29,Pinterest,completed
974,1127,2026-06-09,Pinterest,completed
975,1128,2026-03-08,Organic,completed
976,1129,2026-05-11,Pinterest,completed
977,1130,2026-03-11,Pinterest,completed
978,1132,2026-01-25,Pinterest,completed
979,1132,2026-02-03,Pinterest,completed
980,1132,2026-02-09,Pinterest,completed
981,1133,2026-05-14,Pinterest,completed
982,1135,2026-03-25,Facebook,completed
983,1135,2026-04-15,Facebook,completed
984,1138,2026-03-17,Facebook,completed
985,1140,2026-01-17,Facebook,completed
986,1141,2026-03-03,Facebook,completed
987,1142,2026-03-23,Facebook,completed
988,1143,2026-03-30,Pinterest,completed
989,1145,2026-04-04,Facebook,duplicate
990,1149,2026-01-31,Pinterest,completed
991,1150,2026-04-11,Organic,duplicate
992,1150,2026-05-03,Organic,completed
993,1151,2026-04-01,Pinterest,refunded
994,1153,2026-06-18,Pinterest,completed
995,1154,2026-02-20,Facebook,completed
996,1155,2026-03-31,Pinterest,completed
997,1156,2026-04-29,Facebook,completed
998,1157,2026-06-15,Organic,completed
999,1158,2026-03-16,Facebook,completed
1000,1159,2026-05-19,Organic,completed
1001,1159,2026-05-29,Organic,completed
1002,1160,2026-05-24,Pinterest,completed
1003,1160,2026-06-02,Pinterest,completed
1004,1160,2026-06-18,Pinterest,completed
1005,1161,2026-06-10,Pinterest,duplicate
1006,1162,2026-02-16,Facebook,completed
1007,1162,2026-03-02,Facebook,completed
1008,1164,2026-04-15,Facebook,completed
1009,1164,2026-04-24,Facebook,completed
1010,1165,2026-03-15,Facebook,completed
1011,1165,2026-04-01,Facebook,completed
1012,1166,2026-04-12,Pinterest,completed
1013,1167,2026-05-13,Organic,completed
1014,1168,2026-06-18,Facebook,completed
1015,1170,2026-04-23,Facebook,completed
1016,1171,2026-02-23,Pinterest,completed
1017,1172,2026-05-04,Referral,completed
1018,1173,2026-05-16,Pinterest,completed
1019,1174,2026-03-07,Organic,completed
1020,1175,2026-03-06,Pinterest,completed
1021,1176,2026-05-13,Pinterest,completed
1022,1178,2026-02-10,Pinterest,completed
1023,1179,2026-05-04,Pinterest,completed
1024,1179,2026-05-11,Pinterest,completed
1025,1180,2026-04-26,Pinterest,completed
1026,1180,2026-05-06,Pinterest,completed
1027,1182,2026-05-31,Pinterest,completed
1028,1184,2026-04-18,Pinterest,completed
1029,1185,2026-05-26,Facebook,completed
1030,1186,2026-01-28,Pinterest,completed
1031,1187,2026-05-29,Facebook,completed
1032,1188,2026-02-21,Pinterest,completed
1033,1189,2026-04-16,Organic,completed
1034,1190,2026-04-28,Pinterest,completed
1035,1195,2026-01-28,Facebook,completed
1036,1196,2026-01-24,Pinterest,completed
1037,1198,2026-05-17,Facebook,completed
1038,1200,2026-05-29,Pinterest,duplicate
1039,1205,2026-05-29,Referral,completed
1040,1206,2026-04-29,Pinterest,completed
1041,1206,2026-05-13,Pinterest,completed
1042,1207,2026-05-22,Organic,completed
1043,1208,2026-05-23,Pinterest,completed
1044,1209,2026-02-08,Organic,completed
1045,1210,2026-05-23,Pinterest,completed
1046,1211,2026-05-26,Pinterest,completed
1047,1211,2026-06-12,Pinterest,completed
1048,1213,2026-04-01,Pinterest,completed
1049,1214,2026-03-04,Organic,completed
1050,1215,2026-04-18,Organic,completed
1051,1216,2026-02-17,Pinterest,completed
1052,1217,2026-01-29,Pinterest,completed
1053,1217,2026-02-13,Pinterest,completed
1054,1218,2026-03-02,Pinterest,refunded
1055,1218,2026-03-07,Pinterest,completed
1056,1220,2026-04-22,Organic,completed
1057,1221,2026-05-01,Pinterest,completed
1058,1222,2026-04-28,Facebook,completed
1059,1223,2026-05-05,Facebook,completed
1060,1223,2026-05-13,Facebook,completed
1061,1225,2026-03-01,Pinterest,completed
1062,1226,2026-05-20,Organic,completed
1063,1227,2026-03-04,Facebook,completed
1064,1227,2026-03-22,Facebook,refunded
1065,1229,2026-02-18,Facebook,completed
1066,1230,2026-04-30,Pinterest,completed
1067,1231,2026-04-09,Pinterest,refunded
1068,1232,2026-06-02,Organic,completed
1069,1233,2026-06-12,Pinterest,duplicate
1070,1236,2026-03-23,Facebook,completed
1071,1236,2026-04-01,Facebook,completed
1072,1237,2026-04-25,Pinterest,completed
1073,1238,2026-06-24,Pinterest,completed
1074,1239,2026-02-25,Facebook,completed
1075,1240,2026-05-25,Organic,completed
1076,1240,2026-06-07,Organic,completed
1077,1241,2026-05-21,Pinterest,completed
1078,1241,2026-06-09,Pinterest,completed
1079,1242,2026-03-29,Pinterest,completed
1080,1242,2026-04-02,Pinterest,completed
1081,1243,2026-04-24,Pinterest,completed
1082,1244,2026-05-16,Pinterest,completed
1083,1245,2026-02-11,Organic,completed
1084,1246,2026-02-18,Referral,refunded
1085,1247,2026-01-19,Pinterest,completed
1086,1247,2026-02-05,Pinterest,completed
1087,1247,2026-02-18,Pinterest,completed
1088,1248,2026-06-07,Facebook,completed
1089,1250,2026-05-30,Facebook,completed
1090,1250,2026-06-10,Facebook,refunded
1091,1251,2026-05-11,Referral,completed
1092,1251,2026-05-19,Referral,completed
1093,1252,2026-02-02,Organic,refunded
1094,1253,2026-04-10,Facebook,completed
1095,1254,2026-05-19,Facebook,completed
1096,1255,2026-05-12,Pinterest,completed
1097,1255,2026-05-22,Pinterest,completed
1098,1256,2026-03-13,Pinterest,completed
1099,1257,2026-03-30,Facebook,completed
1100,1257,2026-04-09,Facebook,completed
1101,1260,2026-05-04,Pinterest,completed
1102,1261,2026-03-05,Pinterest,completed
1103,1262,2026-03-11,Facebook,completed
1104,1264,2026-06-17,Pinterest,completed
1105,1267,2026-01-29,Facebook,completed
1106,1267,2026-02-14,Facebook,completed
1107,1268,2026-06-18,Facebook,refunded
1108,1269,2026-03-05,Facebook,completed
1109,1270,2026-02-20,Pinterest,completed
1110,1270,2026-03-03,Pinterest,completed
1111,1271,2026-06-23,Organic,completed
1112,1272,2026-04-28,Pinterest,completed
1113,1274,2026-04-03,Facebook,completed
1114,1274,2026-04-14,Facebook,completed
1115,1274,2026-04-30,Facebook,completed
1116,1275,2026-05-04,Facebook,completed
1117,1280,2026-02-22,Referral,completed
1118,1280,2026-03-08,Referral,refunded
1119,1281,2026-03-06,Facebook,completed
1120,1282,2026-04-11,Facebook,completed
1121,1283,2026-06-07,Facebook,completed
1122,1286,2026-01-18,Facebook,completed
1123,1287,2026-02-26,Pinterest,completed
1124,1289,2026-03-31,Facebook,completed
1125,1291,2026-06-04,Pinterest,refunded
1126,1292,2026-02-12,Facebook,completed
1127,1293,2026-06-10,Organic,completed
1128,1294,2026-06-10,Pinterest,completed
1129,1296,2026-04-22,Pinterest,refunded
1130,1298,2026-03-25,Pinterest,completed
1131,1298,2026-03-31,Pinterest,completed
1132,1300,2026-04-20,Organic,completed
1133,1300,2026-05-11,Organic,completed
1134,1301,2026-06-20,Pinterest,duplicate
1135,1302,2026-03-10,Pinterest,completed
1136,1304,2026-05-28,Pinterest,completed
1137,1307,2026-05-14,Facebook,completed
1138,1307,2026-05-18,Facebook,completed
1139,1308,2026-02-24,Organic,completed
1140,1311,2026-02-06,Organic,completed
1141,1311,2026-02-12,Organic,refunded
1142,1312,2026-03-14,Referral,completed
1143,1316,2026-04-02,Pinterest,completed
1144,1316,2026-04-15,Pinterest,completed
1145,1316,2026-04-25,Pinterest,completed
1146,1317,2026-05-30,Facebook,completed
1147,1319,2026-03-21,Organic,completed
1148,1322,2026-02-14,Pinterest,completed
1149,1323,2026-04-02,Pinterest,completed
1150,1323,2026-04-14,Pinterest,completed
1151,1324,2026-04-25,Facebook,completed
1152,1326,2026-03-09,Pinterest,completed
1153,1327,2026-02-11,Pinterest,completed
1154,1327,2026-02-18,Pinterest,completed
1155,1328,2026-06-02,Facebook,completed
1156,1328,2026-06-20,Facebook,completed
1157,1330,2026-05-08,Organic,completed
1158,1332,2026-02-23,Pinterest,completed
1159,1333,2026-01-25,Pinterest,completed
1160,1333,2026-01-31,Pinterest,completed
1161,1333,2026-02-18,Pinterest,completed
1162,1334,2026-03-22,Facebook,completed
1163,1335,2026-03-14,Organic,completed
1164,1337,2026-01-24,Pinterest,completed
1165,1338,2026-01-18,Facebook,completed
1166,1339,2026-06-18,Pinterest,completed
1167,1340,2026-04-17,Organic,completed
1168,1343,2026-01-25,Facebook,completed
1169,1343,2026-01-26,Facebook,refunded
1170,1344,2026-02-18,Facebook,completed
1171,1345,2026-06-08,Pinterest,completed
1172,1346,2026-04-02,Facebook,completed
1173,1347,2026-04-23,Referral,completed
1174,1348,2026-06-10,Pinterest,completed
1175,1349,2026-06-11,Facebook,refunded
1176,1350,2026-02-05,Pinterest,completed
1177,1354,2026-03-02,Facebook,refunded
1178,1356,2026-06-09,Facebook,completed
1179,1357,2026-03-30,Facebook,completed
1180,1357,2026-04-15,Facebook,refunded
1181,1357,2026-04-18,Facebook,completed
1182,1358,2026-03-09,Facebook,refunded
1183,1360,2026-03-18,Pinterest,duplicate
1184,1360,2026-03-24,Pinterest,completed
1185,1363,2026-02-28,Facebook,completed
1186,1363,2026-03-12,Facebook,completed
1187,1364,2026-04-10,Referral,completed
1188,1365,2026-04-05,Pinterest,completed
1189,1366,2026-05-11,Pinterest,refunded
1190,1367,2026-04-13,Organic,completed
1191,1370,2026-03-28,Organic,duplicate
1192,1371,2026-06-02,Pinterest,completed
1193,1371,2026-06-08,Pinterest,completed
1194,1374,2026-06-13,Facebook,completed
1195,1375,2026-03-10,Organic,completed
1196,1375,2026-03-28,Organic,completed
1197,1376,2026-06-07,Organic,completed
1198,1377,2026-02-25,Pinterest,completed
1199,1379,2026-05-13,Facebook,completed
1200,1380,2026-04-19,Facebook,completed
1201,1383,2026-06-12,Facebook,completed
1202,1384,2026-05-23,Referral,completed
1203,1385,2026-05-24,Pinterest,refunded
1204,1386,2026-03-18,Pinterest,completed
1205,1387,2026-04-20,Pinterest,completed
1206,1388,2026-01-31,Pinterest,completed
1207,1389,2026-02-15,Facebook,completed
1208,1390,2026-03-31,Organic,completed
1209,1390,2026-04-23,Organic,completed
1210,1391,2026-06-05,Facebook,completed
1211,1393,2026-02-06,Facebook,refunded
1212,1393,2026-02-16,Facebook,completed
1213,1394,2026-03-14,Facebook,completed
1214,1395,2026-04-15,Facebook,refunded
1215,1395,2026-05-05,Facebook,completed
1216,1397,2026-05-09,Pinterest,completed
1217,1397,2026-05-21,Pinterest,completed
1218,1398,2026-03-28,Pinterest,completed
1219,1399,2026-04-21,Facebook,completed
